<?xml version="1.0" encoding="UTF-8"?>
<!--
    Copyright (c) 2022 Contributors to the Eclipse Foundation. All rights reserved.
    Copyright (c) 1997, 2018 Oracle and/or its affiliates. All rights reserved.

    This program and the accompanying materials are made available under the
    terms of the Eclipse Public License v. 2.0, which is available at
    http://www.eclipse.org/legal/epl-2.0.

    This Source Code may also be made available under the following Secondary
    Licenses when the conditions for such availability set forth in the
    Eclipse Public License v. 2.0 are satisfied: GNU General Public License,
    version 2 with the GNU Classpath Exception, which is available at
    https://www.gnu.org/software/classpath/license.html.

    SPDX-License-Identifier: EPL-2.0 OR GPL-2.0 WITH Classpath-exception-2.0

-->

<faces-config
        xmlns="https://jakarta.ee/xml/ns/jakartaee"
        xmlns:xsi="http://www.w3.org/2001/XMLSchema-instance"
        xsi:schemaLocation="https://jakarta.ee/xml/ns/jakartaee https://jakarta.ee/xml/ns/jakartaee/web-facesconfig_4_0.xsd"
        version="4.0">
    <name>admingui</name>
    <application>
        <view-handler>org.glassfish.admingui.common.AdminGuiViewHandler</view-handler>
        <locale-config>
          <default-locale>en</default-locale>
          <supported-locale>de</supported-locale>
          <supported-locale>sv</supported-locale>
          <supported-locale>en_US</supported-locale>
          <supported-locale>fr</supported-locale>
          <supported-locale>ko</supported-locale>
          <supported-locale>ja</supported-locale>
          <supported-locale>zh_TW</supported-locale>
          <supported-locale>zh_CN</supported-locale>
          <supported-locale>es</supported-locale>
          <supported-locale>it</supported-locale>
          <supported-locale>pt_BR</supported-locale>
        </locale-config>
        <el-resolver>com.sun.webui.jsf.faces.UIComponentELResolver</el-resolver>
    </application>
    <factory>
        <application-factory>org.glassfish.admingui.common.AdminGuiApplicationFactory</application-factory>
    </factory>
</faces-config>
